,Bypass No Chan,Bypass Chan,Cells,Total
Power,0.4321500460581976,0.32056108849301135,0.247288865448791,1.0
Absorbed,0.014984246034134889,0.015105516024221768,0.19783109235903282,0.22792085441738946
Reflected,0.057748040246162397,0.057748040246162397,0.038898538535094826,0.1543946190274196
Transmitted,0.35941775977790036,0.2477075322226272,0.01055923455466338,0.6176845265551909
